{
    "Ys": [[0.0015170651714966304,0.0016083285911453484,0.0014073518435788245,0.0018131944428634416,0.0019645716057258024,0.0025260494887194636,0.00287024750438221,0.0038781928256130718,0.00672892293692432,0.01030452079458392,0.012817394311901974,0.0197942076731289,0.025757775354957175,0.029886349984924038,0.04113139048162881,0.04813329796178783,0.05659083714116279,0.06803439278918635,0.07439426115750797,0.0881711988971716],[0.017055008550196874,0.01778449127070782,0.01746278738593287,0.017350281467129712,0.01774556865503187,0.017415037716750428,0.016888374270536823,0.016508976986160485,0.01630243555157409,0.017104139511696776,0.01608652940550573,0.016447747111236696,0.015650520682485874,0.01591195843362602,0.01600168259520206,0.015266240402957099,0.016063463875473402,0.01710352423145057,0.016350825228605512,0.018827463506787084],[0.004106414817656623,0.004416756089987521,0.004594681204887284,0.0042369605511657395,0.004030442712430707,0.003934611116127465,0.003957635204657775,0.003667993677413877,0.004200922284490571,0.0044015673297110244,0.004641209302069965,0.007711899371349562,0.010131979283951728,0.014117876888826864,0.020788884272165086,0.026805451534115572,0.035326079930415616,0.049259513109143414,0.061165850627645735,0.07105878237604316],[0.0030274688144725143,0.003310988083236126,0.0030772104328083273,0.003335855719038051,0.003215775783182078,0.003089972311476446,0.0033258047935867605,0.0034839160455722,0.003891533671315096,0.004254370481126852,0.004949858559344103,0.0075413371756144895,0.008209089076856246,0.010803667923168964,0.015032603881323834,0.018232635946758256,0.022613127412551195,0.028559587122544607,0.03602244365879927,0.04374070214863334],[0.0015206901495719706,0.0016657160255670166,0.0014080354822317376,0.0017617687391921636,0.001994599391836401,0.0025018525364116258,0.002802405233842565,0.0038211424022949084,0.0063400878601302035,0.009660656344455006,0.012111985883993757,0.01833364386413485,0.023823415088045745,0.02738980559798678,0.03804392195416571,0.04420063617681575,0.052335746714535905,0.06332920818545971,0.06895223579258676,0.08295093748341212]],
    "Xs": [0.0,0.0027700831024930744,0.011080332409972297,0.02493074792243767,0.04432132963988919,0.06925207756232686,0.09972299168975068,0.13573407202216065,0.17728531855955676,0.22437673130193903,0.27700831024930744,0.33518005540166207,0.39889196675900274,0.4681440443213295,0.5429362880886426,0.6232686980609419,0.709141274238227,0.8005540166204984,0.8975069252077561,1.0],
    "xlabel": "sigma",
    "ylabel": "MSE loss",
    "title": "",
    "fname": "stress_test_fBm_Hurst_LSTM_white_noise",
    "dirname": "./plots",
    "legend": {
        "location": "top_left",
        "labels": ["R/S","variogram","Higuchi","Whittle","LSTM"]
    },
    "markers": null,
    "colors": ["red","red","red","red","#1f77b4"],
    "dashes": ["dotted","dashdot","dashed","solid","solid"],
    "line45_color": null,
    "matplotlib": {
        "width": 6,
        "height": 3.5,
        "style": "default"
    },
    "color_settings": {
        "bg_transparent": false
    }
}