{
    "Ys": [[0.0107968160077752,0.010900288970718873,0.010732392482384653,0.010579118203541122,0.010715516129297532,0.010643848061031077,0.010747110903909904,0.010466725730341277,0.010685006686212972,0.010366919242849732,0.010385363857867506,0.010496641590149213,0.009544912872486556,0.009727594317536404,0.009436437409523874,0.009436695662212358,0.009719902662455723,0.010005942929517215,0.00994144901470433,0.010540025546193444],[0.0017636879331056803,0.0017459480720087115,0.0017322777867167475,0.0017502491733867667,0.0017359714096830822,0.0016915048486437429,0.0017971598218809543,0.0017920258388565834,0.0021003613877372267,0.002499515413805429,0.0032254879861811376,0.005066082509603867,0.008058021251833176,0.012920353828090965,0.018831046821617924,0.026420182686593664,0.03746640322822916,0.049222850320988436,0.06034480855427637,0.07506344960224826],[0.0010529863735143769,0.001014876020733313,0.001100215017420126,0.0010572408068693314,0.0010675350195969051,0.0011102150707793547,0.001213399649398958,0.0013825689950203376,0.0016168772047219825,0.0019302792660894816,0.002509890804216221,0.003298127236958602,0.004731693150526857,0.006893627192835471,0.009398556885282338,0.012787732899561862,0.017679402291337704,0.023274271695403116,0.029157493429618483,0.037277356067258974],[0.0005332170783902185,0.0005351246793234826,0.0005563548823461336,0.0005960422741380734,0.0007741984114671762,0.0009816783755644141,0.0017355461345039843,0.0033633485245874667,0.0056765199702407815,0.0068425541429890015,0.010042847239281042,0.013945012546399897,0.01771342855747031,0.02423064713531955,0.030577518565499905,0.03644926751331456,0.04551445692658578,0.054054940952114404,0.06000804943914384,0.06841149907367296],[0.0004513039029622876,0.0004506527084294797,0.0004695762623467864,0.0005088631073997672,0.0006910660049237369,0.0009017252290489911,0.0017061628541331097,0.003451984400570508,0.005887469881580648,0.007068608624609557,0.010518308956165321,0.014929381553000434,0.01916329419426624,0.026678743354640887,0.033914452686438126,0.040730840739858463,0.05119341024414452,0.06091160116443691,0.06727424552643929,0.07604720235997589]],
    "Xs": [0.0,0.0027700831024930744,0.011080332409972297,0.02493074792243767,0.04432132963988919,0.06925207756232686,0.09972299168975068,0.13573407202216065,0.17728531855955676,0.22437673130193903,0.27700831024930744,0.33518005540166207,0.39889196675900274,0.4681440443213295,0.5429362880886426,0.6232686980609419,0.709141274238227,0.8005540166204984,0.8975069252077561,1.0],
    "xlabel": "sigma",
    "ylabel": "MSE loss",
    "title": "",
    "fname": "stress_test_fBm_Hurst_LSTM_white_noise",
    "dirname": "./plots",
    "legend": {
        "location": "top_left",
        "labels": ["R/S","variogram","Higuchi","Whittle","LSTM"]
    },
    "markers": null,
    "colors": ["red","red","red","red","#1f77b4"],
    "dashes": ["dotted","dashdot","dashed","solid","solid"],
    "line45_color": null,
    "matplotlib": {
        "width": 6,
        "height": 3.5,
        "style": "default"
    },
    "color_settings": {
        "bg_transparent": false
    }
}