{
    "Ys": [[0.0017492103227445472,0.0015132754639504747,0.00157364454712651,0.0016916790224912534,0.001851296430821133,0.002846879851445383,0.002852837633631677,0.004751508742606045,0.00731623986968431,0.009604038124806818,0.012189087718618184,0.016747127580499628,0.026959561487732046,0.03187990571557711,0.041310786696407024,0.04564562065733251,0.05654756556636297,0.06149853187327057,0.08149112124529533,0.08938097720304132],[0.016583643924220622,0.017380968533471396,0.016515723812808275,0.016983390166205117,0.018039626424639715,0.017168227030672504,0.01587613244076311,0.017585046747473423,0.016623317510105984,0.01713157470811742,0.017007672360041325,0.015108766432804923,0.016627023962441298,0.015677362959732013,0.015734071979180336,0.014618080461906881,0.01573375336818778,0.015460886106643985,0.018063828046796297,0.02062913224184196],[0.004166342747357972,0.004100766960741205,0.0042101325544574575,0.0040869836696643515,0.003922066111935758,0.0039706589958312475,0.004015973414863678,0.003936595233116847,0.004460758472991064,0.004369431215162078,0.0054090989573928015,0.007359104209177869,0.009755427725062861,0.014387669613937256,0.021690462815397042,0.026822993333980347,0.0374946894000214,0.04613631681088003,0.06370998281532064,0.07892677161527581],[0.0033243468160456388,0.0034062113215857135,0.0033045478568330053,0.0033776509026873223,0.0032828798401892323,0.0033075152256539465,0.003501639092372467,0.003830758748438167,0.004153898626483068,0.004184485686436551,0.005374243657447356,0.006668659849329566,0.008618568105210998,0.011109563860952866,0.014565161424751595,0.018171084341831373,0.02346153642402764,0.02764062451140259,0.037789282668166196,0.04708718776110236],[0.0017076841152947934,0.0015194097746012547,0.0015924566496194786,0.001662238560144873,0.0018769450119340307,0.002780869761584542,0.002772426691992593,0.004553763374476579,0.0069606016295053206,0.009127541769961696,0.011510023787168233,0.015697970609894217,0.025140763029676726,0.029463652629155443,0.03793648843732928,0.04208541637532902,0.05209663811268084,0.057259232728376595,0.07589482213913053,0.08409487853668907]],
    "Xs": [0.0,0.0027700831024930744,0.011080332409972297,0.02493074792243767,0.04432132963988919,0.06925207756232686,0.09972299168975068,0.13573407202216065,0.17728531855955676,0.22437673130193903,0.27700831024930744,0.33518005540166207,0.39889196675900274,0.4681440443213295,0.5429362880886426,0.6232686980609419,0.709141274238227,0.8005540166204984,0.8975069252077561,1.0],
    "xlabel": "sigma",
    "ylabel": "MSE loss",
    "title": "",
    "fname": "stress_test_fBm_Hurst_LSTM_white_noise",
    "dirname": "./plots",
    "legend": {
        "location": "top_left",
        "labels": ["R/S","variogram","Higuchi","Whittle","LSTM"]
    },
    "markers": null,
    "colors": ["red","red","red","red","#1f77b4"],
    "dashes": ["dotted","dashdot","dashed","solid","solid"],
    "line45_color": null,
    "matplotlib": {
        "width": 6,
        "height": 3.5,
        "style": "default"
    },
    "color_settings": {
        "bg_transparent": false
    }
}