{
    "results": [
        0.14538434147834778,
        0.36491477489471436,
        0.9061347246170044,
        0.23913952708244324,
        0.22461840510368347,
        0.7336099147796631,
        0.8731341361999512,
        0.41406604647636414,
        0.6513644456863403,
        0.6046816110610962
    ],
    "targets": [
        0.1466708481311798,
        0.3694645166397095,
        0.9060559272766113,
        0.22253069281578064,
        0.18813534080982208,
        0.7040340900421143,
        0.9133462309837341,
        0.4236067533493042,
        0.6209139823913574,
        0.6809093356132507
    ],
    "diff": [
        -0.00128650665283203,
        -0.00454974174499512,
        7.879734039307e-05,
        0.0166088342666626,
        0.03648306429386139,
        0.02957582473754883,
        -0.04021209478378296,
        -0.00954070687294006,
        0.03045046329498291,
        -0.07622772455215454
    ],
    "SE": [
        1.65509936778e-06,
        2.070014994615e-05,
        6.20902085e-09,
        0.00027585337569747,
        0.00133101398027002,
        0.00087472940890621,
        0.00161701256689994,
        9.102508763537e-05,
        0.0009272307148791,
        0.00581066599039914
    ]
}