{
    "results": [
        0.15908454358577728,
        0.35172370076179504,
        0.9248372316360474,
        0.22515112161636353,
        0.23346830904483795,
        0.7127407789230347,
        0.8676987886428833,
        0.37430495023727417,
        0.648548424243927,
        0.607336699962616
    ],
    "targets": [
        0.1466708481311798,
        0.3694645166397095,
        0.9060559272766113,
        0.22253069281578064,
        0.18813534080982208,
        0.7040340900421143,
        0.9133462309837341,
        0.4236067533493042,
        0.6209139823913574,
        0.6809093356132507
    ],
    "diff": [
        0.01241369545459747,
        -0.01774081587791443,
        0.01878130435943604,
        0.00262042880058289,
        0.04533296823501587,
        0.00870668888092041,
        -0.04564744234085083,
        -0.04930180311203003,
        0.02763444185256958,
        -0.07357263565063477
    ],
    "SE": [
        0.00015409983483949,
        0.00031473654801406,
        0.00035273739344177,
        6.86664709892e-06,
        0.00205507800899696,
        7.580643126914e-05,
        0.0020836889922613,
        0.00243066779009737,
        0.00076366237650305,
        0.00541293271658105
    ]
}